id,patient,expression,snp,damaging,indel,splice,cnv
10,,,,,,,,
RTK,sample_1,35,1,0,0,0,0,
ILK,sample_1,87,0,0,0,0,0,
PI3K,sample_1,62,0,0,0,0,0,
PTEN,sample_1,50,0,0,0,0,0,
PDK1,sample_1,72,0,0.5,0,0,0,
AKT,sample_1,43,0,0,0,0,0,
MDM2,sample_1,48,0,0,0,0,0,
p53,sample_1,91,0,0,0,0,0,
BCL2,sample_1,51,0,0,0,0,0,
BAD,sample_1,30,0,0,0,0,0,
WEE1,sample_1,26,0,0,0,0,0,
p27,sample_1,39,0,0,0,0,0,
p21,sample_1,41,0,0,0,0,0,
EGF,sample_1,05,0,0,0,0,0,
EGFR,sample_1,57,0,0,0,0,0,
VAV1,sample_1,35,0,0,0,0,0,
RAC1,sample_1,87,0,0,0,0,0,
RHO,sample_1,62,0,0,0,0,0,
RHO-PATH,sample_1,50,0,0,0,0,0,
RHO-CYTO,sample_1,72,0,0.5,0,0,0,
MEKK1,sample_1,43,0,0,0,0,0,
MKK47,sample_1,48,0,0,0,0,0,
JKNS,sample_1,91,0,0,0,0,0,
CFOS,sample_1,51,0,0,0,0,0,
CJUS,sample_1,30,0,0,0,0,0,
MUCT1,sample_1,26,1,0,0,0,0,
ECADHERIN,sample_1,35,0,0,0,0,0,
B-CATENIN,sample_1,78,0,0,0,0,0,
CYTO-REG,sample_1,3,0,0,0,0,0,
PLC,sample_1,39,0,0,0,0,0,
PIP2,sample_1,41,0,0,0,0,0,
IP3,sample_1,30,0,0,0,0,0,
DAG,sample_1,62,0,0,0,0,0,
CA,sample_1,9,0,0,0,0,0,
PKC,sample_1,7,0,0,0,0,0,
COMK,sample_1,8,0,0,0,0,0,
IKK,sample_1,78,0,0,0,0,0,
NKFB,sample_1,02,0,0,0,0,0,
WNT,sample_1,67,0,0,0,0,0,
LRP,sample_1,04,0,0,0,0,0,
FZD1,sample_1,52,0,0,0,0,0,
CK1,sample_1,3,0,0,0,0,0,
AXIN,sample_1,76,0,0,0,0,0,
DVL,sample_1,3,0,0,0,0,0,
GSK3,sample_1,75,0,0,0,0,0,
B-Catenin,sample_1,72,0,0,0,0,0,
Naked,sample_1,04,0,0,0,0,0,
PAR-1,sample_1,05,0,0,0,0,0,
LEF,sample_1,8,0,0,0,0,0,
TCF,sample_1,34,0,0,0,0,0,
CBP,sample_1,04,0,0,0,0,0,